<?xml version="1.0" encoding="UTF-8"?>
<!-- <!DOCTYPE configuration  PUBLIC "-//mybatis.org//DTD Config 3.0//EN"  "http://mybatis.org/dtd/mybatis-3-config.dtd"> -->

<beans xmlns="http://www.springframework.org/schema/beans"
    xmlns:xsi="http://www.w3.org/2001/XMLSchema-instance"
    xmlns:context="http://www.springframework.org/schema/context"
    xmlns:p="http://www.springframework.org/schema/p"
    xmlns:mybatis-spring="http://mybatis.org/schema/mybatis-spring"
    xsi:schemaLocation="http://www.springframework.org/schema/beans http://www.springframework.org/schema/beans/spring-beans.xsd
        http://www.springframework.org/schema/context http://www.springframework.org/schema/context/spring-context-4.1.xsd
         http://mybatis.org/schema/mybatis-spring http://mybatis.org/schema/mybatis-spring-1.2.xsd
        http://www.springframework.org/schema/tx http://www.springframework.org/schema/tx/spring-tx-3.1.xsd"
        >
	
	<bean class="org.springframework.beans.factory.config.PropertyPlaceholderConfigurer">
		<property name="locations">
			<value>classpath:/mybatis/application-properties.xml</value>
		</property>
	</bean>
	
	<context:component-scan base-package="com.ksign.access" />
	
 	<bean id="dataSource" class="org.apache.commons.dbcp.BasicDataSource" destroy-method="close">
   		<property name="driverClassName" value="${database.driverClassName}"/>
   		<property name="url" value="${database.url}"/>
   		<property name="username" value="${database.username}"/>
   		<property name="password" value="${database.password}"/>
   		<property name="validationQuery" value="${validation.query}"/>
   		<property name="maxActive" value="${max.active}"/>
   		<property name="maxIdle" value="${max.idle}"/>
   		<property name="maxWait" value="${max.wait}"/>
   		<property name="removeAbandoned" value="${remove.abandoned}"/>
   		<property name="removeAbandonedTimeout" value="${remove.abandoned.timeout}"/>
   		<property name="initialSize" value="${initial.size}"/>
    </bean>
    
    <!-- Root Context: defines shared resources visible to all other web components -->
	<bean id="transactionManager" class="org.springframework.jdbc.datasource.DataSourceTransactionManager">
	    <property name="dataSource" ref="dataSource"></property>
	</bean>
	<!-- <tx:annotation-driven transaction-manager="transactionManager" /> -->

 <!--    <bean id="sqlSessionFactory" class="org.mybatis.spring.SqlSessionFactoryBean">
        <property name="dataSource" ref="dataSource" />
        <property name="mapperLocations" value="classpath:/mybatis/mappers/*-Mapper.xml" />
        <property name="configLocation" value="classpath:/mybatis/mybatis-configure.xml" />
    </bean>
    
    <bean id="sqlSession" class="org.mybatis.spring.SqlSessionTemplate">
        <constructor-arg index="0" ref="sqlSessionFactory"></constructor-arg>
    </bean> -->
 	<bean id="sqlSessionFactory" class="org.mybatis.spring.SqlSessionFactoryBean">
		<property name="dataSource" ref="dataSource" />
		<property name="configLocation" value="classpath:mybatis/mybatis-configure.xml" />
		<property name="mapperLocations" value="classpath:mybatis/mappers/*-Mapper.xml" />
	</bean>

	<bean id="sqlSession" class="org.mybatis.spring.SqlSessionTemplate">
		<constructor-arg index="0" ref="sqlSessionFactory" />
	</bean>
	   
    <bean id="mapperScannerConfigure" class="org.mybatis.spring.mapper.MapperScannerConfigurer">
    	<property name="basePackage" value="com.ksign.access.mapper"></property>
    	<property name="sqlSessionFactoryBeanName" value="sqlSessionFactory" />
    </bean>
    
</beans>